<?xml version="1.0" encoding="UTF-8" ?>
<Module>
  <ModulePrefs title="Editor">
    <Require feature="osapi" />
  </ModulePrefs>
  <Content type="html">
    <![CDATA[
    <link rel="Stylesheet" type="text/css" href="style/jHtmlArea.css" />

<textarea cols="50" rows="10"></textarea>
<script type="text/javascript" src="scripts/jQuery-1.3.2.js"></script>
<script type="text/javascript" src="scripts/jHtmlArea-0.8.js"></script>
<script>
function init() {
  $('textarea').htmlarea();
}
gadgets.util.registerOnLoadHandler(init);
</script>
]]>
  </Content>
</Module>